,City,Latitude,Longitude,Max Temp,Humidity,Cloudiness,Wind Speed,Country,Date
0,Chicama,-7.8447,-79.1469,297.27,59,59,1.71,PE,1614565125
1,Ushuaia,-54.8,-68.3,280.15,61,20,2.57,AR,1614565125
2,Albany,42.6001,-73.9662,276.48,73,100,1.34,US,1614564930
3,Bonavista,48.6499,-53.1147,272.59,100,100,4.12,CA,1614565126
4,Airai,-8.9266,125.4092,291.17,100,96,0.97,TL,1614565126
5,Buchanan,5.8808,-10.0467,298.23,87,84,2.03,LR,1614565126
6,Lüderitz,-26.6481,15.1594,292.55,74,67,3.07,NA,1614565126
7,Fairbanks,64.8378,-147.7164,255.93,78,90,2.06,US,1614565127
8,Geraldton,-28.7667,114.6,300.15,50,79,1.54,AU,1614565127
9,Ostrovnoy,68.0531,39.5131,275.38,97,100,9.37,RU,1614565127
10,Samarai,-10.6167,150.6667,303.02,71,71,3.09,PG,1614565127
11,Mandalgovi,45.7625,106.2708,261.64,63,0,0.66,MN,1614565127
12,Saint George,37.1041,-113.5841,282.04,14,1,4.63,US,1614564984
13,Kamaishi,39.2667,141.8833,277.15,60,75,2.57,JP,1614564530
14,Prince Rupert,54.3161,-130.3201,274.15,100,90,3.09,CA,1614564909
15,Vila Velha,-20.3297,-40.2925,296.15,94,75,2.57,BR,1614565128
16,Port Elizabeth,-33.918,25.5701,294.15,83,0,6.17,ZA,1614565128
17,Kapaa,22.0752,-159.319,297.15,69,40,11.32,US,1614565128
18,Charter Township of Clinton,42.587,-82.9199,284.26,100,90,4.12,US,1614565128
19,Rikitea,-23.1203,-134.9692,298.92,76,100,5.79,PF,1614565129
20,La Flèche,47.6982,-0.0755,276.48,87,0,2.57,FR,1614565129
21,San Vicente,-26.6167,-54.1333,293.55,84,0,2.13,AR,1614565129
22,Port Alfred,-33.5906,26.891,294.58,78,0,11.49,ZA,1614565129
23,Antalaha,-14.9003,50.2788,297.28,87,100,2.26,MG,1614565130
24,Atuona,-9.8,-139.0333,299.91,78,20,6.81,PF,1614565130
25,Tabou,4.423,-7.3528,298.0,89,100,1.53,CI,1614565130
26,Pisco,-13.7,-76.2167,296.15,83,75,1.03,PE,1614565130
27,Khuzdar,27.7384,66.6434,280.35,45,0,1.78,PK,1614565130
28,Cabo San Lucas,22.8909,-109.9124,293.71,77,90,1.03,MX,1614565035
29,Pervomayskiy,53.2485,40.2871,265.53,98,100,1.1,RU,1614564627
30,Jiazi,22.8779,116.067,295.25,70,64,2.76,CN,1614565131
31,Punta Arenas,-53.15,-70.9167,279.82,61,0,3.6,CL,1614564851
32,Lander,42.833,-108.7307,271.15,43,1,6.17,US,1614565131
33,Palmer,42.1584,-72.3287,277.15,70,90,2.06,US,1614565131
34,Severo-Kuril'sk,50.6789,156.125,270.16,92,93,8.86,RU,1614565132
35,Paamiut,61.994,-49.6678,261.33,93,100,6.27,GL,1614565132
36,Senno,59.5336,33.9167,273.15,93,95,0.45,RU,1614565132
37,Cape Town,-33.9258,18.4232,293.71,77,0,3.09,ZA,1614565008
38,Bredasdorp,-34.5322,20.0403,293.15,88,54,2.06,ZA,1614565132
39,Orlik,52.5178,99.825,249.95,79,99,1.19,RU,1614565133
40,Huilong,31.8111,121.655,287.04,98,100,2.68,CN,1614565133
41,Gold Coast,-28.0,153.4333,301.48,69,99,3.6,AU,1614565133
42,Maragogi,-9.0122,-35.2225,298.85,81,22,3.14,BR,1614565133
43,Puerto Ayora,-0.7393,-90.3518,299.82,91,52,0.45,EC,1614565134
44,Bengkulu,-3.8004,102.2655,301.85,65,47,1.25,ID,1614565134
45,Kruisfontein,-34.0033,24.7314,291.48,92,29,0.89,ZA,1614565134
46,Hobart,-42.8794,147.3294,293.15,72,75,5.14,AU,1614565059
47,Mataura,-46.1927,168.8643,295.37,71,97,1.34,NZ,1614565134
48,Harbatpur,30.45,77.7333,285.15,58,0,1.54,IN,1614565134
49,Hithadhoo,-0.6,73.0833,301.39,62,100,3.76,MV,1614565134
50,Paka,4.6374,103.4368,301.15,78,40,1.54,MY,1614565039
51,San Ramon,37.7799,-121.978,288.71,31,1,3.09,US,1614565003
52,Gimli,50.6336,-96.9907,253.15,65,99,6.69,CA,1614565135
53,Iqaluit,63.7506,-68.5145,247.15,64,90,8.23,CA,1614564975
54,Bethel,41.3712,-73.414,275.93,95,100,0.45,US,1614564994
55,Butaritari,3.0707,172.7902,300.03,83,100,5.88,KI,1614565135
56,Avarua,-21.2078,-159.775,302.15,79,75,5.66,CK,1614565135
57,Kokstad,-30.5472,29.4241,285.41,93,44,1.57,ZA,1614565136
58,Bluff,-46.6,168.3333,295.37,71,67,1.34,NZ,1614565136
59,Swift Current,50.2834,-107.8014,262.15,79,90,5.66,CA,1614565122
60,Noumea,-22.2763,166.4572,303.15,66,75,4.63,NC,1614564572
61,Tubigon,10.504,123.2736,298.25,68,96,3.28,PH,1614565136
62,New Norfolk,-42.7826,147.0587,293.15,54,84,0.89,AU,1614565137
63,Upernavik,72.7868,-56.1549,259.72,88,100,3.48,GL,1614565137
64,Saint Anthony,45.0205,-93.218,267.15,68,1,4.12,US,1614565137
65,Iskateley,67.6803,53.1512,264.12,93,100,8.91,RU,1614565137
66,Bang Krathum,16.5783,100.3003,299.82,83,0,1.54,TH,1614565137
67,Ous,60.9058,61.5186,245.54,88,0,1.35,RU,1614565138
68,Dawei,14.0833,98.2,300.61,50,4,0.53,MM,1614564600
69,Camacha,33.0833,-16.3333,288.15,67,40,4.63,PT,1614565138
70,Sur,22.5667,59.5289,292.96,67,0,1.41,OM,1614565138
71,Busselton,-33.65,115.3333,294.26,66,100,2.24,AU,1614565139
72,Pevek,69.7008,170.3133,244.33,87,0,1.46,RU,1614565139
73,St. George's,12.0564,-61.7485,298.15,73,20,3.6,GD,1614564581
74,Ponta do Sol,32.6667,-17.1,287.59,55,11,2.68,PT,1614565139
75,Nome,64.5011,-165.4064,252.15,59,1,2.06,US,1614565140
76,Clyde River,70.4692,-68.5914,238.15,61,1,1.03,CA,1614565140
77,Itaqui,-29.1253,-56.5531,297.75,64,0,7.35,BR,1614565140
78,Forestville,38.8451,-76.875,280.15,100,90,1.28,US,1614565140
79,Flinders,-34.5833,150.8552,304.26,64,0,1.79,AU,1614565140
80,Kedrovyy,56.1667,91.8167,243.15,76,20,1.82,RU,1614565141
81,Ola,59.5833,151.2833,257.72,83,100,3.68,RU,1614564543
82,San Quintín,30.4833,-115.95,288.77,59,0,1.83,MX,1614564579
83,Jasper,37.2001,-94.3502,281.48,61,1,4.63,US,1614564917
84,Provideniya,64.3833,-173.3,253.15,71,90,10.0,RU,1614565142
85,Ushtobe,45.2514,77.9838,271.75,54,65,0.94,KZ,1614565142
86,Oddur,4.1213,43.8894,292.06,83,0,7.54,SO,1614565142
87,Hasaki,35.7333,140.8333,290.37,50,75,1.54,JP,1614565143
88,Barrow,71.2906,-156.7887,248.15,70,75,2.57,US,1614565143
89,Yulara,-25.2406,130.9889,309.15,14,0,5.14,AU,1614565143
90,Kyaikkami,16.08,97.5675,297.82,64,0,2.83,MM,1614565144
91,Sørland,67.667,12.6934,278.41,71,63,13.63,NO,1614565144
92,Morehead,37.2711,-87.1764,288.15,82,90,1.54,US,1614565144
93,Nikolskoye,59.7035,30.7861,274.26,86,0,4.0,RU,1614565144
94,Jamestown,42.097,-79.2353,278.71,94,90,6.2,US,1614564919
95,Mackay,-21.15,149.2,302.15,74,40,7.72,AU,1614565145
96,Sānchor,24.7553,71.7722,288.1,35,0,0.91,IN,1614565145
97,Tangshan,39.6333,118.1833,271.42,48,100,6.26,CN,1614565145
98,Rabo de Peixe,37.8,-25.5833,287.15,94,75,7.72,PT,1614565145
99,Saint Paul Harbor,57.79,-152.4072,270.15,39,1,14.4,US,1614565146
100,Vao,-22.6667,167.4833,299.2,70,9,4.51,NC,1614565146
101,Tasiilaq,65.6145,-37.6368,266.15,73,3,2.06,GL,1614565146
102,Olden,61.8364,6.8064,274.45,84,90,3.58,NO,1614565146
103,Nuevo Progreso,23.1667,-97.95,297.04,77,12,0.45,MX,1614564618
104,Östersund,63.1792,14.6357,277.15,65,75,5.14,SE,1614565147
105,Constitución,-35.3333,-72.4167,291.14,59,0,4.63,CL,1614565147
106,Oistins,13.0667,-59.5333,298.15,65,40,8.75,BB,1614565042
107,Liverpool,53.4106,-2.9779,278.15,93,0,2.06,GB,1614565086
108,Traverse City,44.7631,-85.6206,276.15,75,90,7.72,US,1614565147
109,Qaanaaq,77.484,-69.3632,252.63,78,100,1.16,GL,1614564915
110,Challapata,-18.9,-66.7667,284.2,62,56,2.1,BO,1614565148
111,Hermanus,-34.4187,19.2345,295.93,82,1,2.24,ZA,1614565148
112,Kieta,-6.2167,155.6333,303.59,57,76,1.29,PG,1614565148
113,Tiksi,71.6872,128.8694,239.38,85,100,2.39,RU,1614565149
114,Cherskiy,68.75,161.3,248.65,82,0,1.37,RU,1614565149
115,Tommot,58.9564,126.2925,247.38,91,100,4.0,RU,1614565149
116,Catherinas Lust,6.4,-57.6,297.77,83,100,3.93,GY,1614565150
117,Saint-Joseph,-21.3667,55.6167,297.15,73,0,2.06,RE,1614564625
118,Diego de Almagro,-26.3667,-70.05,288.31,64,0,0.39,CL,1614565089
119,Arraial do Cabo,-22.9661,-42.0278,298.23,85,96,5.96,BR,1614565150
120,Vaini,-21.2,-175.2,302.15,70,75,2.57,TO,1614565150
121,Talnakh,69.4865,88.3972,236.53,94,17,4.18,RU,1614565150
122,Bandarbeyla,9.4942,50.8122,297.05,82,99,5.41,SO,1614565151
123,Dunedin,-45.8742,170.5036,289.82,86,100,16.54,NZ,1614565151
124,Caravelas,-17.7125,-39.2481,297.34,87,100,2.11,BR,1614564594
125,Bambous Virieux,-20.3428,57.7575,296.48,94,75,3.09,MU,1614565151
126,Mitsamiouli,-11.3847,43.2844,300.51,77,24,3.65,KM,1614565152
127,Sitka,57.0531,-135.33,277.15,81,90,8.23,US,1614565152
128,Potosí,-19.5836,-65.7531,281.02,76,0,2.1,BO,1614565152
129,Palmares do Sul,-30.2578,-50.5097,295.99,85,27,5.87,BR,1614565152
130,Nanortalik,60.1432,-45.2371,270.02,95,57,5.89,GL,1614565153
131,Kargil,34.5667,76.1,256.33,82,90,0.88,IN,1614565153
132,Salalah,17.0151,54.0924,295.15,60,0,1.54,OM,1614565153
133,Vardø,70.3705,31.1107,275.93,81,29,11.42,NO,1614565153
134,Hampton,37.0299,-76.3452,286.48,100,1,5.91,US,1614565048
135,Aykhal,66.0,111.5,236.08,77,36,1.38,RU,1614564584
136,Macao,22.2006,113.5461,296.15,88,40,3.6,MO,1614565062
137,Ati,13.2154,18.3353,296.64,15,0,5.83,TD,1614565154
138,Denpasar,-8.65,115.2167,302.15,65,20,3.6,ID,1614565033
139,Huarmey,-10.0681,-78.1522,296.24,67,93,2.99,PE,1614565154
140,Saskylakh,71.9167,114.0833,242.64,84,100,3.08,RU,1614565154
141,Pemangkat,1.1667,108.9667,300.73,72,46,1.68,ID,1614565155
142,Half Moon Bay,37.4636,-122.4286,290.15,43,1,3.6,US,1614564458
143,Atasū,48.6814,71.6433,272.83,97,100,9.83,KZ,1614565155
144,Kormilovka,55.0026,74.1028,256.15,85,75,5.0,RU,1614565155
145,Coquimbo,-29.9533,-71.3436,289.15,88,75,3.09,CL,1614565155
146,Uyemskiy,64.4743,40.8524,272.15,93,90,3.0,RU,1614565155
147,Quatre Cocos,-20.2078,57.7625,296.48,94,75,3.09,MU,1614565156
148,Biu,10.6129,12.1946,293.78,23,0,3.83,NG,1614565156
149,Shumskiy,54.8318,99.1328,254.15,86,100,1.51,RU,1614565156
150,Carnarvon,-24.8667,113.6333,300.15,69,40,6.17,AU,1614565156
151,Cooma,-36.2333,149.1333,298.15,29,2,11.32,AU,1614565157
152,Petropavlovsk-Kamchatskiy,53.0452,158.6483,272.15,43,21,8.0,RU,1614565157
153,Honiara,-9.4333,159.95,300.6,88,100,3.89,SB,1614564449
154,Cidreira,-30.1811,-50.2056,296.96,84,23,7.53,BR,1614565157
155,Tangzhai,34.4328,116.5911,278.15,85,100,2.68,CN,1614565157
156,Alekseyevsk,57.8406,108.3492,252.02,94,100,1.43,RU,1614564597
157,Alofi,-19.0595,-169.9187,299.15,83,90,3.09,NU,1614565158
158,Arman',59.7,150.1667,257.8,68,100,3.07,RU,1614565158
159,Lebu,-37.6167,-73.65,289.06,87,24,8.12,CL,1614565158
160,Cabedelo,-6.9811,-34.8339,297.15,100,40,2.06,BR,1614565158
161,Port Augusta,-32.5,137.7667,304.26,53,0,7.72,AU,1614565158
162,Sherbakul',54.6316,72.3963,256.15,85,75,5.0,RU,1614565159
163,Vestmanna,62.1564,-7.1664,281.15,100,75,4.12,FO,1614565159
164,Shelburne,44.0787,-80.2041,276.48,100,100,6.45,CA,1614565159
165,Padang,-0.9492,100.3543,302.15,65,40,0.51,ID,1614564603
166,Vadsø,70.0744,29.7487,275.15,75,24,8.75,NO,1614565159
167,San Andrés,12.5847,-81.7006,300.15,69,75,8.75,CO,1614565159
168,Tigil',57.8,158.6667,255.64,91,100,7.21,RU,1614564618
169,Ribeira Grande,38.5167,-28.7,286.95,63,0,4.75,PT,1614565160
170,Santiago,-33.4569,-70.6483,297.59,38,0,3.6,CL,1614564781
171,Yellowknife,62.456,-114.3525,244.82,63,75,5.66,CA,1614564909
172,Mount Gambier,-37.8333,140.7667,292.15,59,75,8.23,AU,1614565160
173,Chui,-33.6971,-53.4616,294.14,84,24,5.01,UY,1614565160
174,Potsdam,52.3989,13.0657,275.93,93,0,0.45,DE,1614564962
175,Ochsenfurt,49.6643,10.0623,273.15,86,1,2.56,DE,1614565161
176,Moose Factory,51.2585,-80.6094,262.15,85,90,4.12,CA,1614565162
177,Bubaque,11.2833,-15.8333,298.22,59,81,8.11,GW,1614565162
178,Berlevåg,70.8578,29.0864,276.41,82,98,14.96,NO,1614565162
179,Santa Rosa,14.3122,121.1114,304.82,62,20,3.6,PH,1614565163
180,Ayan,56.45,138.1667,252.25,76,100,6.86,RU,1614565163
181,George Town,5.4112,100.3354,300.37,78,20,2.06,MY,1614565163
182,Hilo,19.7297,-155.09,294.15,88,90,3.6,US,1614565163
183,Vila do Maio,15.1333,-23.2167,292.15,63,75,8.23,CV,1614565163
184,Chara,56.9064,118.2631,245.52,66,40,0.74,RU,1614565164
185,Faanui,-16.4833,-151.75,301.43,76,100,5.71,PF,1614565164
186,Esperance,-33.8667,121.9,291.15,82,75,5.14,AU,1614565164
187,Jumla,29.2747,82.1838,279.58,50,41,1.59,NP,1614564907
188,Riyadh,24.6877,46.7219,291.15,27,75,4.12,SA,1614565116
189,Khatanga,71.9667,102.5,239.23,97,92,0.97,RU,1614565164
190,Qena,26.1615,32.7183,287.15,51,0,1.54,EG,1614565165
191,Marawi,7.9986,124.2928,300.37,80,56,2.24,PH,1614565165
192,Nizhneudinsk,54.9076,99.0276,254.55,87,100,1.41,RU,1614565165
193,San Patricio,28.017,-97.5169,297.15,94,90,7.72,US,1614564578
194,Nyurba,63.2842,118.3319,240.8,84,69,2.38,RU,1614564573
195,Leningradskiy,69.3833,178.4167,245.91,87,41,1.02,RU,1614565166
196,High Rock,26.6208,-78.2833,297.15,83,40,4.12,BS,1614565166
197,Asău,46.4333,26.4,274.82,71,100,1.56,RO,1614565166
198,Aswān,24.0934,32.907,285.73,40,0,4.47,EG,1614564594
199,Pangnirtung,66.1451,-65.7125,239.2,77,100,2.31,CA,1614565167
200,Riachão,-7.3619,-46.6172,295.85,93,97,1.48,BR,1614565167
201,Dikson,73.5069,80.5464,247.37,89,100,10.1,RU,1614565167
202,Iseyin,7.9667,3.6,296.85,86,0,2.25,NG,1614565167
203,Chanute,37.6792,-95.4572,280.15,57,1,4.63,US,1614565037
204,Callaway,30.153,-85.5699,294.82,94,1,5.66,US,1614565168
205,Norman Wells,65.282,-126.8329,243.15,69,90,5.66,CA,1614565168
206,Rodrigues Alves,-7.738,-72.6509,296.3,95,100,0.92,BR,1614565168
207,Mangochi,-14.4782,35.2645,293.79,92,95,2.75,MW,1614565168
208,Troitskoye,52.9821,84.6757,267.27,97,100,4.83,RU,1614564608
209,Charters Towers,-20.1,146.2667,296.5,86,100,7.21,AU,1614565169
210,Shitanjing,39.2342,106.3439,271.59,74,0,3.2,CN,1614565169
211,Te Anau,-45.4167,167.7167,292.5,79,51,1.09,NZ,1614565169
212,Kavieng,-2.5744,150.7967,302.52,69,99,3.88,PG,1614565169
213,Port Hedland,-20.3167,118.5667,304.15,62,75,4.12,AU,1614565170
214,Otane,-39.8833,176.6333,297.04,72,99,2.68,NZ,1614564625
215,Baker City,44.7749,-117.8344,273.15,64,1,3.6,US,1614565170
216,Puerto Escondido,15.85,-97.0667,299.15,78,40,2.33,MX,1614565170
217,Huangmei,30.1924,116.025,285.14,91,100,1.79,CN,1614565170
218,Teknāf,20.8624,92.3058,295.88,70,0,1.38,BD,1614565171
219,Melenki,55.3343,41.6295,262.7,97,100,2.11,RU,1614565171
220,Balabac,7.9868,117.0645,302.01,73,44,3.24,PH,1614565171
221,Klaksvík,62.2266,-6.589,281.15,100,75,4.12,FO,1614565171
222,Santander,43.4647,-3.8044,285.37,76,0,1.03,ES,1614565171
223,Codrington,-38.2667,141.9667,292.26,59,4,8.88,AU,1614565172
224,Mankono,8.0586,-6.1897,298.34,72,64,3.27,CI,1614565172
225,Sistranda,63.7256,8.834,280.15,70,75,15.95,NO,1614565172
226,Thompson,55.7435,-97.8558,247.15,64,1,4.12,CA,1614565172
227,Lopatyn,50.2202,24.8483,275.54,93,100,5.35,UA,1614565172
228,Eureka,40.8021,-124.1637,282.59,85,2,1.34,US,1614565173
229,Ambunti,-4.2365,142.8448,305.75,57,37,2.35,PG,1614565173
230,Bartica,6.4,-58.6167,297.15,88,40,2.06,GY,1614565173
231,Abu Kamal,34.4506,40.9171,285.33,42,0,3.68,SY,1614565173
232,Dingle,10.9995,122.6711,300.9,74,100,5.02,PH,1614565174
233,Castro,-24.7911,-50.0119,290.72,97,100,3.42,BR,1614565174
234,Ekibastuz,51.6667,75.3667,274.65,96,100,7.45,KZ,1614565174
235,Turukhansk,65.8167,87.9833,237.17,77,0,1.63,RU,1614565174
236,Murgab,37.4966,61.9714,276.15,52,0,2.06,TM,1614565175
237,Torbay,47.6666,-52.7314,273.15,100,90,4.63,CA,1614565175
238,Kaitangata,-46.2817,169.8464,292.04,85,100,4.92,NZ,1614565175
239,Auly,48.5271,34.4949,273.15,86,75,3.0,UA,1614565175
240,Stornoway,58.2093,-6.3865,280.37,81,90,4.63,GB,1614565175
241,Bay Roberts,47.5999,-53.2648,273.15,97,100,2.91,CA,1614565175
242,Port Blair,11.6667,92.75,296.15,88,20,1.03,IN,1614565175
243,Comodoro Rivadavia,-45.8667,-67.5,298.15,41,0,8.23,AR,1614565176
244,Grindavik,63.8424,-22.4338,277.15,75,90,8.75,IS,1614565176
245,Bilma,18.6853,12.9164,291.2,23,0,1.84,NE,1614565176
246,Saint-Philippe,-21.3585,55.7679,298.15,65,0,4.63,RE,1614565176
247,Cuenca,-2.8833,-78.9833,287.15,100,88,0.58,EC,1614564890
248,Iralaya,15.0,-83.2333,299.0,79,0,6.19,HN,1614564630
249,Kiama,-34.6833,150.8667,304.26,77,0,6.71,AU,1614565177
250,Belyy Yar,53.6039,91.3903,258.15,78,20,1.0,RU,1614565177
251,Patos,-7.0244,-37.28,298.41,73,0,3.71,BR,1614564901
252,Tavricheskoye,54.5851,73.6395,256.15,85,75,5.0,RU,1614565177
253,Dubbo,-32.25,148.6167,304.15,42,0,3.6,AU,1614565127
254,Puerto Carreño,6.189,-67.4859,301.43,47,95,4.89,CO,1614565010
255,Nogales,31.3086,-110.9422,281.48,18,1,5.66,MX,1614565036
256,Stolin,51.8912,26.846,275.06,88,100,3.43,BY,1614565178
257,Saldanha,-33.0117,17.9442,288.15,88,85,5.14,ZA,1614565178
258,Lékoni,-1.5843,14.2591,298.7,62,78,1.19,GA,1614565178
259,Lac du Bonnet,50.2536,-96.0612,254.26,100,100,2.24,CA,1614565179
260,East London,-33.0153,27.9116,294.38,73,0,9.83,ZA,1614565179
261,Bathsheba,13.2167,-59.5167,298.15,65,40,8.75,BB,1614565179
262,Coalinga,36.1397,-120.3602,288.71,31,0,1.34,US,1614565179
263,Kokopo,-4.352,152.2633,301.84,68,100,4.27,PG,1614565179
264,Tuktoyaktuk,69.4541,-133.0374,236.15,74,1,1.54,CA,1614565179
265,Jutaí,-5.1833,-68.9,295.74,98,100,0.44,BR,1614565180
266,Bavleny,56.4,39.56,267.3,98,100,2.13,RU,1614565180
267,Guarujá,-23.9931,-46.2564,299.82,26,100,4.01,BR,1614564913
268,Neryungri,56.6709,124.6491,246.53,82,98,1.83,RU,1614565181
269,Kita,13.0349,-9.4895,297.99,18,89,0.47,ML,1614565181
270,Marsh Harbour,26.5412,-77.0636,297.25,79,0,6.23,BS,1614564610
271,Sovetskiy,61.3614,63.5842,245.44,88,0,1.32,RU,1614565181
272,Katiola,8.1333,-5.1,297.15,88,7,4.12,CI,1614565182
273,Batagay,67.6333,134.6333,240.57,81,50,0.58,RU,1614565182
274,Husavik,66.0449,-17.3389,278.15,48,75,8.23,IS,1614565182
275,Inta,66.0317,60.1659,258.31,93,100,5.74,RU,1614565182
276,Whitianga,-36.8333,175.7,294.74,61,95,3.57,NZ,1614565183
277,Harwich,51.9419,1.2844,278.15,95,0,3.13,GB,1614565183
278,Palmas,-10.2128,-48.3603,297.15,94,75,0.51,BR,1614565183
279,Hofn,64.2539,-15.2082,276.4,75,2,3.27,IS,1614564626
280,Isangel,-19.55,169.2667,301.54,71,11,6.22,VU,1614565183
281,Sakakah,29.9697,40.2064,282.15,61,0,2.84,SA,1614565184
282,Chokurdakh,70.6333,147.9167,241.29,85,0,1.99,RU,1614565184
283,Sungai Penuh,-2.0833,101.3833,297.42,65,46,0.24,ID,1614565184
284,Kailua,21.4022,-157.7394,297.15,69,75,8.75,US,1614565184
285,Coelho Neto,-4.2567,-43.0128,296.43,96,100,1.59,BR,1614565184
286,Yol,32.1667,76.2,286.92,34,0,2.73,IN,1614565185
287,Zhigansk,66.7697,123.3711,243.63,86,99,2.39,RU,1614565185
288,Ilhabela,-23.7781,-45.3581,298.08,83,100,4.22,BR,1614565090
289,Lorengau,-2.0226,147.2712,302.69,71,69,4.81,PG,1614565185
290,Pochutla,15.7432,-96.4661,298.15,73,1,2.23,MX,1614565185
291,Vila Franca do Campo,37.7167,-25.4333,287.15,94,75,7.72,PT,1614565186
292,Adré,13.4667,22.2,293.15,23,0,8.99,TD,1614565186
293,Mahébourg,-20.4081,57.7,296.15,94,75,3.09,MU,1614564979
294,Portland,45.5234,-122.6762,284.26,54,1,0.74,US,1614565055
295,Port Moresby,-9.4431,147.1797,304.15,58,75,5.14,PG,1614565186
296,Aklavik,68.2191,-135.0107,237.15,68,83,4.12,CA,1614565186
297,Santa Luzia,-19.7697,-43.8514,294.15,83,0,4.12,BR,1614565186
298,Chagoda,59.164,35.3285,272.09,98,100,3.18,RU,1614565187
299,Ranong,9.9658,98.6348,297.15,100,20,1.45,TH,1614564605
300,Darhan,49.4867,105.9228,254.84,85,1,2.47,MN,1614565187
301,Swanzey,42.8698,-72.2818,277.15,70,90,1.54,US,1614565187
302,Brae,60.3964,-1.353,280.15,93,90,9.77,GB,1614565187
303,Ternate,0.8,127.4,302.16,70,100,2.58,ID,1614565187
304,Bouloupari,-21.8667,166.05,303.15,66,75,4.63,NC,1614565188
305,Paita,-5.0892,-81.1144,297.7,70,89,3.01,PE,1614565188
306,Katherine,-14.4667,132.2667,305.15,58,84,3.09,AU,1614565188
307,Verkhnevilyuysk,63.4453,120.3167,241.54,84,69,2.63,RU,1614565189
308,Hong Kong,22.2855,114.1577,295.93,79,88,5.01,HK,1614564901
309,Salta,-24.7859,-65.4117,294.15,83,0,1.54,AR,1614565189
310,Mar del Plata,-38.0023,-57.5575,294.26,94,39,4.12,AR,1614565165
311,Hervey Bay,-25.2986,152.8535,304.26,51,40,6.17,AU,1614565189
312,Changying,52.8733,123.3213,252.43,86,100,0.78,CN,1614565190
313,Hinton,53.4001,-117.5857,277.15,48,100,4.12,CA,1614565190
314,Iwanai,42.9744,140.5089,273.65,93,100,3.4,JP,1614565190
315,Lagunas,-5.2269,-75.6753,295.79,99,88,1.14,PE,1614565190
316,Filingué,14.3521,3.3168,297.56,17,3,5.18,NE,1614565190
317,Guerrero Negro,27.9769,-114.0611,291.93,26,0,4.82,MX,1614565190
318,Veseloyarsk,51.2836,81.1056,267.75,96,100,13.23,RU,1614565191
319,Araouane,18.9048,-3.5265,293.27,20,0,3.22,ML,1614565191
320,Umluj,25.0213,37.2685,293.18,54,0,2.58,SA,1614565191
321,Lagoa,39.05,-27.9833,286.59,64,0,5.51,PT,1614565192
322,Bulgan,48.8125,103.5347,259.57,73,0,1.85,MN,1614565192
323,Wuwei,37.9281,102.6414,276.48,50,0,0.45,CN,1614565192
324,Richards Bay,-28.783,32.0377,292.54,74,80,2.85,ZA,1614565192
325,Korla,41.7597,86.1469,272.2,92,1,2.52,CN,1614565192
326,Krasnosel'kup,65.7,82.4667,238.9,92,62,3.99,RU,1614565192
327,Carutapera,-1.195,-46.02,298.09,90,100,3.14,BR,1614564629
328,João Pinheiro,-17.7425,-46.1725,292.08,90,84,2.38,BR,1614565193
329,Dongning,44.0622,131.1207,265.4,58,100,2.53,CN,1614565193
330,Kintampo,8.0563,-1.7306,297.36,75,38,2.44,GH,1614565193
331,Ambon City,-3.6954,128.1814,304.15,62,40,3.6,ID,1614565193
332,Melita,49.2681,-100.9967,260.37,82,100,1.34,CA,1614565193
333,Aden,12.7794,45.0367,298.16,74,0,6.27,YE,1614565151
334,Mujiayingzi,42.1167,118.7833,262.79,44,100,2.42,CN,1614565193
335,Alandi,18.6667,73.9,296.56,32,0,1.59,IN,1614565194
336,Ust-Tsilma,65.441,52.1498,264.18,96,99,4.23,RU,1614564606
337,Touros,-5.1989,-35.4608,299.15,83,40,1.54,BR,1614565194
338,Songjianghe,42.1859,127.479,266.19,90,100,2.81,CN,1614565194
339,Dauphin,51.1494,-100.0502,253.15,59,1,2.06,CA,1614565194
340,Herrán,7.5061,-72.4833,287.55,95,98,0.32,CO,1614565195
341,San Jose,37.3394,-121.895,290.15,27,40,4.12,US,1614564568
342,Lata,40.1629,-8.3327,286.48,94,75,1.03,PT,1614565195
343,Hambantota,6.1241,81.1185,293.15,100,1,1.03,LK,1614565196
344,Labuhan,-6.8844,112.2051,300.99,76,44,1.09,ID,1614565196
345,Poum,-20.2333,164.0167,300.37,71,14,5.15,NC,1614565196
346,Galich,58.3797,42.3475,263.73,97,92,1.53,RU,1614565196
347,Port Hardy,50.6996,-127.4199,280.15,93,90,4.12,CA,1614565197
348,Dhanbad,23.8,86.45,299.33,22,0,2.73,IN,1614565197
349,Maralal,1.0968,36.698,289.52,55,91,2.11,KE,1614565197
350,Pemba,-12.974,40.5178,296.15,100,75,1.54,MZ,1614565198
351,Natalio,-26.7167,-55.0833,295.44,77,0,0.89,PY,1614565198
352,Catió,11.2833,-15.25,298.11,45,96,2.39,GW,1614565198
353,Santa Cruz,30.4202,-9.5982,284.15,93,0,2.06,MA,1614564623
354,Opuwo,-18.0607,13.84,295.22,56,55,3.19,NA,1614565199
355,Beringovskiy,63.05,179.3167,254.22,88,100,12.73,RU,1614565199
356,Makaha,21.4694,-158.2175,300.15,69,20,10.8,US,1614565199
357,Halifax,44.6453,-63.5724,273.15,74,99,2.06,CA,1614564966
358,Port Lincoln,-34.7333,135.8667,292.78,66,61,6.64,AU,1614565199
359,Marsá Maţrūḩ,31.3525,27.2453,288.15,72,40,5.14,EG,1614565200
360,Port Hawkesbury,45.6169,-61.3485,272.04,86,90,4.12,CA,1614565200
361,Camp Verde,34.5636,-111.8543,279.82,11,0,0.45,US,1614565200
362,Mâncio Lima,-7.6142,-72.8958,296.34,98,100,1.21,BR,1614565200
363,Barentu,15.1139,37.5928,285.69,90,54,0.76,ER,1614565201
364,Monmouth,40.3001,-74.1663,280.15,100,90,4.63,US,1614565034
365,Kichera,55.9375,110.0997,252.23,84,100,0.33,RU,1614565201
366,Harper,4.375,-7.7169,298.41,87,100,1.09,LR,1614565202
367,Tuatapere,-46.1333,167.6833,295.37,71,87,1.34,NZ,1614565202
368,Necochea,-38.5473,-58.7368,296.48,78,60,4.47,AR,1614565202
369,Innisfail,-17.5333,146.0333,297.39,88,100,5.15,AU,1614564908
370,Saint-Pierre,-21.3393,55.4781,298.15,65,0,4.63,RE,1614565202
371,Yerbogachën,61.2767,108.0108,243.28,96,92,1.23,RU,1614565203
372,Sobolevo,54.4299,31.8996,272.81,95,99,3.22,RU,1614565203
373,Cockburn Town,21.4612,-71.1419,298.15,73,40,7.72,TC,1614564618
374,Liku,-0.7275,119.8922,302.57,62,100,0.63,ID,1614565203
375,Grand Gaube,-20.0064,57.6608,296.48,81,1,2.24,MU,1614565204
376,Katsuura,35.1333,140.3,287.04,54,75,2.06,JP,1614565029
377,Lonevåg,60.5262,5.4937,277.59,95,49,0.45,NO,1614565204
378,Blythe,33.6103,-114.5964,287.15,9,1,4.12,US,1614565205
379,Ilulissat,69.2167,-51.1,257.15,85,75,10.8,GL,1614565205
380,Sambava,-14.2667,50.1667,297.22,88,70,2.46,MG,1614565205
381,Antakya,36.2066,36.1572,281.15,100,75,3.09,TR,1614565206
382,Namatanai,-3.6667,152.4333,302.34,67,100,2.98,PG,1614565206
383,Maniitsoq,65.4167,-52.9,258.05,90,100,5.39,GL,1614565206
384,Izberbash,42.5696,47.8645,276.15,93,90,4.0,RU,1614565206
385,Coyhaique,-45.5752,-72.0662,286.1,99,100,1.95,CL,1614565109
386,Barra de Tecoanapa,16.5167,-98.75,297.74,77,19,2.3,MX,1614565207
387,Yumen,40.2833,97.2,272.83,71,0,1.28,CN,1614565207
388,Haines Junction,60.7522,-137.5108,267.15,63,100,5.66,CA,1614565208
389,Antofagasta,-23.65,-70.4,293.15,73,0,3.6,CL,1614565208
390,Zaysan,47.4667,84.8667,259.97,89,97,0.26,KZ,1614565208
391,Souillac,-20.5167,57.5167,296.15,94,75,3.09,MU,1614565208
392,São João da Barra,-21.6403,-41.0511,297.41,87,100,3.01,BR,1614565208
393,Hirara,24.8,125.2833,296.15,78,40,1.54,JP,1614564422
394,Doka,13.5167,35.7667,293.73,22,15,7.71,SD,1614565026
395,Lusambo,-4.9667,23.45,294.92,92,100,0.69,CD,1614565209
396,Arrondissement de Lannion,48.75,-3.4167,278.15,93,0,3.09,FR,1614565209
397,Tazovsky,67.4667,78.7,244.4,87,100,5.73,RU,1614565209
398,Oleksandrivka,46.8383,32.7612,273.15,93,0,2.0,UA,1614565210
399,Cavalcante,-13.7975,-47.4583,292.99,94,100,1.32,BR,1614565210
400,Willowmore,-33.2926,23.4895,294.07,71,74,3.37,ZA,1614565210
401,Actipan de Morelos,18.9583,-97.8028,292.15,37,1,5.66,MX,1614565210
402,Udachny,66.4167,112.4,235.89,76,46,1.51,RU,1614565210
403,Zanjān,36.6736,48.4787,274.66,79,0,2.1,IR,1614564912
404,Binga,-17.6203,27.3414,290.4,91,100,0.23,ZW,1614565211
405,Grand-Lahou,5.1367,-5.0242,298.83,90,99,3.09,CI,1614565211
406,Poykovskiy,61.2333,73.3333,243.15,76,0,3.0,RU,1614565211
407,Kwinana,-32.25,115.7667,291.48,94,90,6.17,AU,1614564994
408,Longyearbyen,78.2186,15.6401,265.15,67,75,4.12,SJ,1614565003
409,Dhidhdhoo,6.8833,73.1,300.94,61,41,1.0,MV,1614565211
410,Hobyo,5.3505,48.5268,297.96,79,100,7.5,SO,1614565211
411,Marsabit,2.3284,37.9899,292.54,60,47,6.57,KE,1614565211
412,Ballater,57.0493,-3.0402,277.59,73,0,1.15,GB,1614565212
413,Ayagoz,47.9714,80.4392,265.43,91,100,3.64,KZ,1614565212
414,Jinxiang,27.4327,120.6062,291.75,73,20,1.8,CN,1614565212
415,Cayenne,4.9333,-52.3333,298.15,88,75,3.6,GF,1614565212
416,Velikiy Ustyug,60.7644,46.3106,259.59,98,97,2.2,RU,1614565212
417,Plátanos,37.6667,21.6167,286.15,62,75,6.69,GR,1614565213
418,Paris,48.8534,2.3488,278.71,75,0,3.09,FR,1614564947
419,Boguchany,58.3814,97.4531,246.51,86,34,0.27,RU,1614565213
420,Khovd,48.0056,91.6419,262.24,35,93,0.2,MN,1614565213
421,Altay,47.8667,88.1167,264.3,75,100,1.12,CN,1614565213
422,Shchebetovka,44.9333,35.15,275.66,83,100,2.5,UA,1614565214
423,Los Llanos de Aridane,28.6585,-17.9182,290.15,72,0,3.09,ES,1614565214
424,Chapais,49.7834,-74.8492,270.15,86,90,7.2,CA,1614565214
425,Aparecida,-22.8469,-45.2297,292.68,90,100,1.03,BR,1614565214
426,Kolokani,13.5728,-8.0339,297.4,18,31,2.92,ML,1614565215
427,Assiut,27.181,31.1837,283.15,71,0,2.57,EG,1614565185
428,Shambu,9.5667,37.1,285.86,78,89,1.91,ET,1614565215
429,La Ronge,55.1001,-105.2842,247.15,58,45,1.03,CA,1614565215
430,Pouébo,-20.4,164.5667,301.29,65,44,3.96,NC,1614565215
431,Tupik,54.4253,119.9327,246.87,78,0,1.12,RU,1614565216
432,Sinnamary,5.3833,-52.95,298.07,84,98,4.95,GF,1614565216
433,São Miguel do Araguaia,-13.275,-50.1628,295.25,91,100,1.3,BR,1614565216
434,Chikwawa,-16.0335,34.8009,295.01,92,100,2.15,MW,1614565217
435,Årdalstangen,61.2371,7.6983,271.48,85,68,1.45,NO,1614565217
436,Sibolga,1.7427,98.7792,301.85,64,0,0.61,ID,1614565092
437,Eilat,29.5581,34.9482,287.15,67,0,2.51,IL,1614565055
438,Mayor Pablo Lagerenza,-19.9309,-60.7718,299.05,48,0,1.94,PY,1614565217
439,Tres Arroyos,-38.3739,-60.2798,299.02,45,0,6.44,AR,1614565217
440,Freeport,40.6576,-73.5832,279.15,93,90,4.63,US,1614565161
441,Jiuquan,39.7432,98.5174,273.68,26,0,2.81,CN,1614565218
442,Dali,25.7,100.1833,286.38,56,9,1.64,CN,1614565218
443,Daoukro,7.0591,-3.9631,296.74,90,96,1.51,CI,1614564967
444,Newport,51.5877,-2.9984,278.15,87,1,5.29,GB,1614565218
445,Louis Trichardt,-23.0439,29.9032,287.49,90,77,4.4,ZA,1614565218
446,Lumut,4.2323,100.6298,301.15,78,20,2.57,MY,1614565219
447,Tyazhinskiy,56.116,88.524,256.98,93,100,4.32,RU,1614565219
448,Zhuhai,22.2769,113.5678,296.15,88,40,3.6,CN,1614565216
449,Vigrestad,58.5667,5.7,275.93,97,0,3.69,NO,1614565219
450,Aksha,50.2814,113.2867,254.4,88,59,1.07,RU,1614565219
451,Umba,66.6871,34.3429,275.3,95,100,6.07,RU,1614565220
452,Avera,33.194,-82.5271,295.15,73,1,3.09,US,1614565220
453,Kembé,4.6228,21.8865,294.63,33,3,0.73,CF,1614565220
454,Yar-Sale,66.8333,70.8333,247.68,88,100,6.26,RU,1614565221
455,São Filipe,14.8961,-24.4956,292.56,74,46,5.47,CV,1614565221
456,Westport,41.1415,-73.3579,277.04,93,90,4.12,US,1614565025
457,Zyryanka,65.75,150.85,240.48,83,99,4.07,RU,1614565222
458,La Primavera,5.4906,-70.4092,303.16,37,79,3.74,CO,1614565222
459,Bukachacha,52.9833,116.9167,251.43,79,9,0.95,RU,1614564633
460,Lakselv,70.0513,24.9718,276.15,75,51,12.35,NO,1614565223
461,Talara,-4.5772,-81.2719,297.23,75,84,4.34,PE,1614565223
462,Fuerte Olimpo,-21.0415,-57.8738,299.19,63,0,2.49,PY,1614565223
463,College,64.8569,-147.8028,255.93,71,90,0.15,US,1614565223
464,Murray Bridge,-35.1167,139.2667,294.82,62,29,6.36,AU,1614565223
465,Itarema,-2.9248,-39.9167,299.24,82,100,4.27,BR,1614565223
466,Rosarito,32.3333,-117.0333,291.15,8,1,10.8,MX,1614565224
467,Pundaguitan,6.3711,126.1689,300.75,79,77,5.44,PH,1614565224
468,Makīnsk,52.6292,70.4169,270.6,97,95,7.73,KZ,1614565224
469,Nara,34.6851,135.8049,292.04,51,75,3.09,JP,1614565224
470,Pontal do Paraná,-25.6533,-48.5128,289.82,99,100,1.41,BR,1614565224
471,Villaviciosa,43.4813,-5.4357,284.26,69,98,1.88,ES,1614565225
472,Benghazi,32.1167,20.0667,287.69,70,29,2.96,LY,1614565225
473,Klyuchi,52.2667,79.1667,273.97,98,100,7.67,RU,1614565225
474,Tura,25.5198,90.2201,295.89,50,0,1.59,IN,1614565225
475,Ambikāpur,23.1167,83.2,295.48,26,0,0.67,IN,1614565225
476,Monsenhor Gil,-5.5642,-42.6078,298.15,94,75,1.03,BR,1614565225
477,Hualmay,-11.0964,-77.6139,296.36,66,88,2.78,PE,1614565226
478,Byron Bay,-28.65,153.6167,302.15,74,75,3.09,AU,1614564909
479,Dwārka,22.2394,68.9678,295.74,68,0,5.29,IN,1614565226
480,Bilibino,68.0546,166.4372,249.72,87,0,1.91,RU,1614565226
481,Mana,5.6592,-53.7767,297.65,86,100,4.76,GF,1614565226
482,Bichena,10.45,38.2,285.68,81,96,1.23,ET,1614565142
483,Karachi,24.9056,67.0822,289.15,72,0,2.57,PK,1614564940
484,Anadyr,64.75,177.4833,254.26,60,40,8.0,RU,1614565227
485,Rio Grande,-32.035,-52.0986,296.48,84,32,2.24,BR,1614565149
486,Grootfontein,-19.5667,18.1167,288.15,88,0,1.54,NA,1614565227
487,Vaitape,-16.5167,-151.75,301.45,70,100,2.44,PF,1614565227
488,Severnyy,50.677,36.5532,273.15,93,90,2.0,RU,1614565227
489,St. Marys,30.7305,-81.5465,294.26,82,1,3.09,US,1614565228
490,Atar,20.5169,-13.0499,288.86,29,0,4.07,MR,1614565228
491,Bojnourd,37.4747,57.329,269.15,58,0,2.84,IR,1614565228
492,Dryden,49.7833,-92.7503,258.15,61,20,5.14,CA,1614565229
493,Sirsa,29.5333,75.0167,286.11,35,0,1.92,IN,1614564979
494,Bud,39.447,-86.1758,283.71,89,100,6.33,US,1614565229
495,Honningsvåg,70.9821,25.9704,276.87,76,97,15.94,NO,1614565229
496,Olafsvik,64.8945,-23.7142,276.82,76,94,12.09,IS,1614565229
497,Sherpur,25.0188,90.0175,293.76,71,0,5.02,BD,1614565229
498,Salinópolis,-0.6136,-47.3561,299.16,86,96,5.31,BR,1614565229
499,Kamiiso,41.8167,140.65,280.15,76,75,4.12,JP,1614565230
500,Kaura Namoda,12.5898,6.5779,295.6,18,0,5.52,NG,1614565231
501,Tessalit,20.1986,1.0114,291.47,24,68,1.25,ML,1614565231
502,Celestún,20.8667,-90.4,301.21,63,1,6.82,MX,1614565232
503,Hay River,60.8156,-115.7999,252.15,49,100,4.63,CA,1614565232
504,Shangrao,28.4532,117.9686,289.83,89,96,0.47,CN,1614565232
505,Cascas,-7.4833,-78.8167,292.93,68,58,0.18,PE,1614565232
506,Wajima,37.4,136.9,288.15,44,0,4.12,JP,1614565232
507,Boende,-0.2167,20.8667,296.53,67,0,1.12,CD,1614565212
508,Corralillo,22.9819,-80.5856,297.95,75,0,7.77,CU,1614565233
509,Pāsighāt,28.0667,95.3333,293.29,60,100,2.03,IN,1614565233
510,Merauke,-8.4667,140.3333,302.55,73,100,8.13,ID,1614565233
511,Tiarei,-17.5333,-149.3333,302.15,79,75,6.17,PF,1614565233
512,Kambove,-10.8764,26.5969,289.01,97,100,1.33,CD,1614565234
513,Kumul,42.8,93.45,274.1,60,0,0.68,CN,1614565234
514,Shimoda,34.6667,138.95,290.15,51,75,4.12,JP,1614565234
515,Ambovombe,-25.1667,46.0833,297.79,88,98,5.01,MG,1614565235
516,Broken Hill,-31.95,141.4333,300.15,26,10,6.69,AU,1614565235
517,Itamaracá,-7.7478,-34.8256,298.15,78,40,4.63,BR,1614565235
518,Teya,60.3778,92.6267,244.52,97,46,0.54,RU,1614565235
519,North Myrtle Beach,33.816,-78.68,290.93,100,90,6.69,US,1614565236
520,Corinth,37.9407,22.9573,283.71,56,20,1.34,GR,1614565236
521,Vostok,46.4856,135.8833,256.41,79,66,3.2,RU,1614565236
522,Kahramanmaraş Province,38.0,37.0,283.15,57,40,4.63,TR,1614565236
523,Yangshe,31.8899,120.6052,285.93,99,100,4.49,CN,1614565236
524,Charyshskoye,51.3978,83.5598,269.93,92,100,4.65,RU,1614565237
525,Ariquemes,-9.9133,-63.0408,295.95,98,99,1.27,BR,1614565237
526,Saucillo,28.0167,-105.2833,293.78,23,92,6.92,MX,1614565237
527,Ust-Kuyga,70.0167,135.6,239.15,82,96,1.09,RU,1614565237
528,Savelugu,9.6244,-0.8253,299.78,20,7,0.85,GH,1614565238
529,Nālūt,30.3333,10.85,284.16,43,0,5.35,LY,1614565238
530,Narsaq,60.9167,-46.05,270.15,74,90,1.54,GL,1614565238
531,Baharly,38.4362,57.4316,280.64,49,0,0.82,TM,1614565238
532,Strzegom,50.9626,16.3501,274.26,91,66,2.22,PL,1614565238
533,Finschhafen,-6.6024,147.8681,303.88,68,15,5.32,PG,1614565239
534,Joanópolis,-22.9303,-46.2756,295.15,83,20,1.54,BR,1614565239
535,Acapulco de Juárez,16.8634,-99.8901,299.15,73,1,3.09,MX,1614565239
536,Hella,67.2,14.4333,278.71,87,75,11.83,NO,1614565239
537,Miandrivazo,-19.5167,45.4667,298.84,88,96,0.48,MG,1614564963
538,General Pico,-35.6566,-63.7568,299.64,47,52,5.07,AR,1614565240
539,Kismayo,-0.3582,42.5454,297.72,86,87,4.58,SO,1614565240
540,Panórama,40.5878,23.0315,279.82,88,12,0.99,GR,1614565240
541,Matamoros,25.5333,-103.25,300.15,12,75,6.43,MX,1614565240
542,Karasjok,69.4719,25.5112,276.15,75,0,12.35,NO,1614565241
543,Dickson,36.077,-87.3878,289.26,94,90,5.14,US,1614565241
544,Luangwa,-15.6167,30.4167,293.16,87,100,2.87,ZM,1614565241
545,Storslett,69.7678,21.0247,274.78,86,100,13.99,NO,1614565242
546,Melfort,52.8667,-104.6177,249.15,70,68,2.06,CA,1614565242
547,Georgiyevka,43.0369,74.7114,270.15,86,99,2.0,KZ,1614565242
548,Ekhabi,53.5102,142.9671,257.77,92,100,10.64,RU,1614565242
549,Kangaatsiaq,68.3065,-53.4641,250.41,89,100,10.85,GL,1614565243
550,Nieuw Amsterdam,5.8833,-55.0833,298.71,87,90,0.89,SR,1614565243
551,Qingyuan,23.7,113.0333,294.15,78,75,2.0,CN,1614565175
552,Wilmington Island,32.0036,-80.9737,293.15,88,1,4.12,US,1614565244
553,Chegdomyn,51.1167,133.0167,252.3,83,37,2.25,RU,1614565244
554,Ormara,25.2088,64.6357,294.16,27,0,2.99,PK,1614565244
555,Chase,50.8165,-119.6857,276.48,80,100,1.03,CA,1614565244
556,Mikhaylovka,50.06,43.2379,269.26,87,96,1.79,RU,1614565244
557,Mlonggo,-6.5333,110.7,302.15,70,40,1.03,ID,1614565232
558,Narrabri,-30.3167,149.7833,304.15,37,0,1.54,AU,1614565245
559,Mongoumba,3.6415,18.5936,295.44,40,87,1.29,CF,1614565245
560,Altamira,-3.2033,-52.2064,296.15,97,100,1.63,BR,1614565245
561,Praia,14.9215,-23.5087,292.15,63,75,8.23,CV,1614565245
562,Makakilo City,21.3469,-158.0858,300.15,54,20,8.23,US,1614565246
563,Lerwick,60.1545,-1.1494,280.15,93,90,9.77,GB,1614565246
564,Tiznit Province,29.5833,-9.5,283.7,87,71,1.58,MA,1614565101
565,Rosbach,50.8,7.6167,276.48,86,0,1.63,DE,1614565246
566,Jammalamadugu,14.8333,78.4,297.9,44,0,0.69,IN,1614565042
567,Beira,-19.8436,34.8389,298.15,83,75,5.66,MZ,1614565247
568,San Policarpo,12.1791,125.5072,300.8,80,100,5.61,PH,1614565247
569,Pacific Grove,36.6177,-121.9166,286.48,75,20,0.89,US,1614565037
570,Oparino,59.8518,48.2783,253.72,98,47,1.76,RU,1614565213
571,Iperó,-23.3503,-47.6886,295.15,83,0,5.66,BR,1614565248
572,Richha,28.7,79.5167,290.01,29,0,2.4,IN,1614565248
573,Porto-Novo,6.4965,2.6036,301.15,89,40,4.63,BJ,1614565248
574,Lompoc,34.6391,-120.4579,287.15,47,1,2.06,US,1614565249
575,Tual,-5.6667,132.75,302.01,73,20,3.8,ID,1614565249
576,Sangod,24.9167,76.2833,292.86,30,0,0.56,IN,1614565249
577,Lagos,6.5833,3.75,299.17,90,88,1.69,NG,1614565156
578,Bundaberg,-24.85,152.35,304.26,51,40,6.17,AU,1614565124
